"month","product_id","species","country","doses_distributed","n_reports","reports_per_100k_doses"
2023-01-01,"SYN_A","Cat","DE",9340,1,10.7066381156317
2023-02-01,"SYN_A","Cat","DE",9759,2,20.4939030638385
2023-03-01,"SYN_A","Cat","DE",10122,2,19.7589409207666
2023-04-01,"SYN_A","Cat","DE",12102,4,33.0523880350355
2023-05-01,"SYN_A","Cat","DE",14294,2,13.99188470687
2023-06-01,"SYN_A","Cat","DE",12466,3,24.0654580458848
2023-07-01,"SYN_A","Cat","DE",13146,4,30.4275064658451
2023-08-01,"SYN_A","Cat","DE",13158,2,15.1998784009728
2023-09-01,"SYN_A","Cat","DE",12078,4,33.1180659049512
2023-10-01,"SYN_A","Cat","DE",10326,3,29.0528762347472
2023-11-01,"SYN_A","Cat","DE",9095,0,0
2023-12-01,"SYN_A","Cat","DE",8962,3,33.4746708324035
2024-01-01,"SYN_A","Cat","DE",9531,2,20.9841569614941
2024-02-01,"SYN_A","Cat","DE",11111,1,9.00009000090001
2024-03-01,"SYN_A","Cat","DE",11339,2,17.6382397036776
2024-04-01,"SYN_A","Cat","DE",14549,4,27.4932985084886
2024-05-01,"SYN_A","Cat","DE",13473,2,14.8445038224597
2024-06-01,"SYN_A","Cat","DE",16231,3,18.4831495286797
2024-07-01,"SYN_A","Cat","DE",15793,5,31.6595960235547
2024-08-01,"SYN_A","Cat","DE",14917,4,26.8150432392572
2024-09-01,"SYN_A","Cat","DE",13949,3,21.5069180586422
2024-10-01,"SYN_A","Cat","DE",10977,1,9.10995718320124
2024-11-01,"SYN_A","Cat","DE",11196,3,26.7952840300107
2024-12-01,"SYN_A","Cat","DE",10483,3,28.6177620910045
2025-01-01,"SYN_A","Cat","DE",11426,3,26.2559075792053
2025-02-01,"SYN_A","Cat","DE",11762,4,34.0078217990138
2025-03-01,"SYN_A","Cat","DE",12290,5,40.6834825061025
2025-04-01,"SYN_A","Cat","DE",14553,0,0
2025-05-01,"SYN_A","Cat","DE",17288,6,34.706154558075
2025-06-01,"SYN_A","Cat","DE",17425,4,22.9555236728838
2025-07-01,"SYN_A","Cat","DE",17633,2,11.342369420972
2025-08-01,"SYN_A","Cat","DE",16697,7,41.9236988680601
2025-09-01,"SYN_A","Cat","DE",13679,3,21.9314277359456
2025-10-01,"SYN_A","Cat","DE",13030,1,7.67459708365311
2025-11-01,"SYN_A","Cat","DE",11056,1,9.04486251808972
2025-12-01,"SYN_A","Cat","DE",10945,2,18.2731841023298
2023-01-01,"SYN_A","Cat","GB",8529,1,11.7247039512252
2023-02-01,"SYN_A","Cat","GB",8179,0,0
2023-03-01,"SYN_A","Cat","GB",10532,2,18.9897455374098
2023-04-01,"SYN_A","Cat","GB",10743,4,37.233547426231
2023-05-01,"SYN_A","Cat","GB",12343,5,40.5087904075184
2023-06-01,"SYN_A","Cat","GB",11108,2,18.0050414115952
2023-07-01,"SYN_A","Cat","GB",11441,8,69.9239576960056
2023-08-01,"SYN_A","Cat","GB",12134,1,8.24130542277897
2023-09-01,"SYN_A","Cat","GB",11084,4,36.0880548538434
2023-10-01,"SYN_A","Cat","GB",9494,2,21.0659363808721
2023-11-01,"SYN_A","Cat","GB",8834,2,22.6398007697532
2023-12-01,"SYN_A","Cat","GB",8651,3,34.6780718992024
2024-01-01,"SYN_A","Cat","GB",8877,3,33.7952010814464
2024-02-01,"SYN_A","Cat","GB",10424,0,0
2024-03-01,"SYN_A","Cat","GB",10362,1,9.65064659332175
2024-04-01,"SYN_A","Cat","GB",11369,3,26.3875450787228
2024-05-01,"SYN_A","Cat","GB",11647,3,25.7577058469992
2024-06-01,"SYN_A","Cat","GB",13406,3,22.3780396837237
2024-07-01,"SYN_A","Cat","GB",12880,0,0
2024-08-01,"SYN_A","Cat","GB",11428,0,0
2024-09-01,"SYN_A","Cat","GB",10466,0,0
2024-10-01,"SYN_A","Cat","GB",9453,2,21.1573045593991
2024-11-01,"SYN_A","Cat","GB",9247,3,32.4429544717206
2024-12-01,"SYN_A","Cat","GB",8724,3,34.3878954607978
2025-01-01,"SYN_A","Cat","GB",8810,3,34.0522133938706
2025-02-01,"SYN_A","Cat","GB",9716,5,51.4615067929189
2025-03-01,"SYN_A","Cat","GB",11425,3,26.2582056892779
2025-04-01,"SYN_A","Cat","GB",12711,2,15.7344032727559
2025-05-01,"SYN_A","Cat","GB",12652,5,39.5194435662346
2025-06-01,"SYN_A","Cat","GB",14077,7,49.7265042267529
2025-07-01,"SYN_A","Cat","GB",14517,2,13.7769511607081
2025-08-01,"SYN_A","Cat","GB",12279,2,16.2879713331705
2025-09-01,"SYN_A","Cat","GB",12752,6,47.0514429109159
2025-10-01,"SYN_A","Cat","GB",11012,2,18.1620050853614
2025-11-01,"SYN_A","Cat","GB",9531,7,73.4445493652292
2025-12-01,"SYN_A","Cat","GB",10501,3,28.5687077421198
2023-01-01,"SYN_A","Cat","US",15243,5,32.801941874959
2023-02-01,"SYN_A","Cat","US",20090,7,34.8432055749129
2023-03-01,"SYN_A","Cat","US",20499,2,9.75657349138982
2023-04-01,"SYN_A","Cat","US",24152,9,37.2639947002319
2023-05-01,"SYN_A","Cat","US",26409,7,26.5061153394676
2023-06-01,"SYN_A","Cat","US",25871,5,19.3266591936918
2023-07-01,"SYN_A","Cat","US",26774,8,29.8797340703668
2023-08-01,"SYN_A","Cat","US",22310,6,26.8937696100403
2023-09-01,"SYN_A","Cat","US",19645,3,15.271061338763
2023-10-01,"SYN_A","Cat","US",21453,4,18.6454108982427
2023-11-01,"SYN_A","Cat","US",19534,5,25.5963960274393
2023-12-01,"SYN_A","Cat","US",17645,6,34.0039671294984
2024-01-01,"SYN_A","Cat","US",16732,7,41.8360028687545
2024-02-01,"SYN_A","Cat","US",20468,4,19.5427008012507
2024-03-01,"SYN_A","Cat","US",22753,5,21.9751241594515
2024-04-01,"SYN_A","Cat","US",26634,6,22.5275963054742
2024-05-01,"SYN_A","Cat","US",24822,5,20.1434211586496
2024-06-01,"SYN_A","Cat","US",27906,4,14.3338350175589
2024-07-01,"SYN_A","Cat","US",28790,5,17.3671413685307
2024-08-01,"SYN_A","Cat","US",27856,6,21.5393452039058
2024-09-01,"SYN_A","Cat","US",26101,7,26.8188958277461
2024-10-01,"SYN_A","Cat","US",22423,7,31.2179458591625
2024-11-01,"SYN_A","Cat","US",19379,8,41.281799886475
2024-12-01,"SYN_A","Cat","US",21182,6,28.3259371164196
2025-01-01,"SYN_A","Cat","US",18439,5,27.1164379847063
2025-02-01,"SYN_A","Cat","US",22265,4,17.9654165730968
2025-03-01,"SYN_A","Cat","US",23309,3,12.8705650178043
2025-04-01,"SYN_A","Cat","US",24983,11,44.0299403594444
2025-05-01,"SYN_A","Cat","US",29065,10,34.4056425253742
2025-06-01,"SYN_A","Cat","US",30692,12,39.0981363221686
2025-07-01,"SYN_A","Cat","US",28308,5,17.6628514907447
2025-08-01,"SYN_A","Cat","US",27289,4,14.6579207739382
2025-09-01,"SYN_A","Cat","US",23886,2,8.37310558486143
2025-10-01,"SYN_A","Cat","US",23946,13,54.2888165038002
2025-11-01,"SYN_A","Cat","US",23488,12,51.0899182561308
2025-12-01,"SYN_A","Cat","US",22676,10,44.099488445934
2023-01-01,"SYN_A","Dog","DE",15155,3,19.7954470471791
2023-02-01,"SYN_A","Dog","DE",17945,4,22.2903315686821
2023-03-01,"SYN_A","Dog","DE",17500,5,28.5714285714286
2023-04-01,"SYN_A","Dog","DE",21901,5,22.8300077622026
2023-05-01,"SYN_A","Dog","DE",22269,12,53.8865687727334
2023-06-01,"SYN_A","Dog","DE",20955,5,23.8606537819136
2023-07-01,"SYN_A","Dog","DE",22068,3,13.5943447525829
2023-08-01,"SYN_A","Dog","DE",22619,5,22.1053096953888
2023-09-01,"SYN_A","Dog","DE",19464,4,20.550760378134
2023-10-01,"SYN_A","Dog","DE",17733,7,39.474426211019
2023-11-01,"SYN_A","Dog","DE",17524,5,28.5322985619722
2023-12-01,"SYN_A","Dog","DE",14567,1,6.86483146838745
2024-01-01,"SYN_A","Dog","DE",15084,5,33.1477061787324
2024-02-01,"SYN_A","Dog","DE",18177,1,5.50145788633988
2024-03-01,"SYN_A","Dog","DE",18677,2,10.7083578733201
2024-04-01,"SYN_A","Dog","DE",22101,3,13.5740464232388
2024-05-01,"SYN_A","Dog","DE",24971,5,20.0232269432542
2024-06-01,"SYN_A","Dog","DE",23332,5,21.4297959883422
2024-07-01,"SYN_A","Dog","DE",22190,5,22.5326723749437
2024-08-01,"SYN_A","Dog","DE",24677,11,44.5759208980022
2024-09-01,"SYN_A","Dog","DE",21099,4,18.9582444665624
2024-10-01,"SYN_A","Dog","DE",20822,3,14.4078378637979
2024-11-01,"SYN_A","Dog","DE",17210,3,17.4317257408483
2024-12-01,"SYN_A","Dog","DE",15803,1,6.32791242169208
2025-01-01,"SYN_A","Dog","DE",17866,3,16.7916713310198
2025-02-01,"SYN_A","Dog","DE",19371,1,5.16235609932373
2025-03-01,"SYN_A","Dog","DE",23628,2,8.46453360419841
2025-04-01,"SYN_A","Dog","DE",23669,4,16.8997422789302
2025-05-01,"SYN_A","Dog","DE",24707,7,28.3320516452827
2025-06-01,"SYN_A","Dog","DE",25675,2,7.78967867575463
2025-07-01,"SYN_A","Dog","DE",24430,5,20.4666393778142
2025-08-01,"SYN_A","Dog","DE",25794,5,19.3843529502985
2025-09-01,"SYN_A","Dog","DE",25220,5,19.8255352894528
2025-10-01,"SYN_A","Dog","DE",21001,1,4.7616780153326
2025-11-01,"SYN_A","Dog","DE",17564,3,17.0803917103166
2025-12-01,"SYN_A","Dog","DE",18012,4,22.2074172773706
2023-01-01,"SYN_A","Dog","GB",13741,8,58.2199257695946
2023-02-01,"SYN_A","Dog","GB",13791,2,14.5022115872671
2023-03-01,"SYN_A","Dog","GB",15392,0,0
2023-04-01,"SYN_A","Dog","GB",17459,5,28.6385245432155
2023-05-01,"SYN_A","Dog","GB",17808,4,22.4618149146451
2023-06-01,"SYN_A","Dog","GB",18276,3,16.4149704530532
2023-07-01,"SYN_A","Dog","GB",20104,4,19.8965380023876
2023-08-01,"SYN_A","Dog","GB",17596,5,28.4155489884065
2023-09-01,"SYN_A","Dog","GB",15224,1,6.56857593273778
2023-10-01,"SYN_A","Dog","GB",14966,5,33.4090605372177
2023-11-01,"SYN_A","Dog","GB",15064,2,13.2766861391397
2023-12-01,"SYN_A","Dog","GB",12673,3,23.6723743391462
2024-01-01,"SYN_A","Dog","GB",13321,4,30.0277756925156
2024-02-01,"SYN_A","Dog","GB",16529,2,12.099945550245
2024-03-01,"SYN_A","Dog","GB",17204,3,17.4378051615903
2024-04-01,"SYN_A","Dog","GB",20532,5,24.3522306643289
2024-05-01,"SYN_A","Dog","GB",22421,5,22.3005218322109
2024-06-01,"SYN_A","Dog","GB",21351,4,18.7344855041918
2024-07-01,"SYN_A","Dog","GB",20488,4,19.5236235845373
2024-08-01,"SYN_A","Dog","GB",19715,6,30.4336799391326
2024-09-01,"SYN_A","Dog","GB",18949,9,47.4959100744103
2024-10-01,"SYN_A","Dog","GB",18345,2,10.9021531752521
2024-11-01,"SYN_A","Dog","GB",16512,2,12.1124031007752
2024-12-01,"SYN_A","Dog","GB",14662,5,34.101759650798
2025-01-01,"SYN_A","Dog","GB",14378,6,41.7304214772569
2025-02-01,"SYN_A","Dog","GB",15712,6,38.1873727087576
2025-03-01,"SYN_A","Dog","GB",19319,4,20.7050054350639
2025-04-01,"SYN_A","Dog","GB",20784,6,28.8683602771363
2025-05-01,"SYN_A","Dog","GB",21482,5,23.2753002513732
2025-06-01,"SYN_A","Dog","GB",25788,10,38.777726074143
2025-07-01,"SYN_A","Dog","GB",22292,5,22.4295711465997
2025-08-01,"SYN_A","Dog","GB",23186,6,25.877684809799
2025-09-01,"SYN_A","Dog","GB",20071,8,39.8585023167754
2025-10-01,"SYN_A","Dog","GB",19832,8,40.3388463089956
2025-11-01,"SYN_A","Dog","GB",15853,6,37.8477259824639
2025-12-01,"SYN_A","Dog","GB",16279,4,24.5715338780023
2023-01-01,"SYN_A","Dog","US",27349,6,21.9386449230319
2023-02-01,"SYN_A","Dog","US",32642,11,33.6989155076282
2023-03-01,"SYN_A","Dog","US",33291,11,33.0419632933826
2023-04-01,"SYN_A","Dog","US",38114,10,26.2370782389673
2023-05-01,"SYN_A","Dog","US",44032,11,24.9818313953488
2023-06-01,"SYN_A","Dog","US",40096,13,32.4221867517957
2023-07-01,"SYN_A","Dog","US",44183,20,45.2662788855442
2023-08-01,"SYN_A","Dog","US",37191,17,45.7099835981824
2023-09-01,"SYN_A","Dog","US",33766,16,47.3849434342238
2023-10-01,"SYN_A","Dog","US",30756,7,22.7597867082846
2023-11-01,"SYN_A","Dog","US",27754,10,36.0308424010953
2023-12-01,"SYN_A","Dog","US",32360,11,33.9925834363412
2024-01-01,"SYN_A","Dog","US",29169,4,13.713188659193
2024-02-01,"SYN_A","Dog","US",32887,10,30.4071517620944
2024-03-01,"SYN_A","Dog","US",38155,14,36.6924387367318
2024-04-01,"SYN_A","Dog","US",40547,14,34.5278318987841
2024-05-01,"SYN_A","Dog","US",48170,18,37.3676562175628
2024-06-01,"SYN_A","Dog","US",43665,15,34.3524562006183
2024-07-01,"SYN_A","Dog","US",43950,18,40.9556313993174
2024-08-01,"SYN_A","Dog","US",41225,14,33.9599757428745
2024-09-01,"SYN_A","Dog","US",38259,10,26.1376408165399
2024-10-01,"SYN_A","Dog","US",37010,8,21.6157795190489
2024-11-01,"SYN_A","Dog","US",35665,9,25.2348240571989
2024-12-01,"SYN_A","Dog","US",32424,12,37.0096225018505
2025-01-01,"SYN_A","Dog","US",33224,10,30.0987238141103
2025-02-01,"SYN_A","Dog","US",33972,6,17.6616036736136
2025-03-01,"SYN_A","Dog","US",40919,14,34.2139348468926
2025-04-01,"SYN_A","Dog","US",49798,12,24.0973533073617
2025-05-01,"SYN_A","Dog","US",49308,19,38.5333008842379
2025-06-01,"SYN_A","Dog","US",48576,10,20.5862977602108
2025-07-01,"SYN_A","Dog","US",47278,16,33.8423791192521
2025-08-01,"SYN_A","Dog","US",42799,14,32.7110446505759
2025-09-01,"SYN_A","Dog","US",39613,14,35.3419332037462
2025-10-01,"SYN_A","Dog","US",36703,16,43.5931667711086
2025-11-01,"SYN_A","Dog","US",36752,12,32.6512842838485
2025-12-01,"SYN_A","Dog","US",34408,8,23.2504068821204
2023-01-01,"SYN_B","Cat","DE",7848,1,12.7420998980632
2023-02-01,"SYN_B","Cat","DE",8147,2,24.5489137105683
2023-03-01,"SYN_B","Cat","DE",8962,1,11.1582236108012
2023-04-01,"SYN_B","Cat","DE",9198,1,10.8719286801479
2023-05-01,"SYN_B","Cat","DE",10194,6,58.8581518540318
2023-06-01,"SYN_B","Cat","DE",11786,3,25.4539283896148
2023-07-01,"SYN_B","Cat","DE",10240,3,29.296875
2023-08-01,"SYN_B","Cat","DE",11078,0,0
2023-09-01,"SYN_B","Cat","DE",9410,1,10.6269925611052
2023-10-01,"SYN_B","Cat","DE",9370,2,21.3447171824973
2023-11-01,"SYN_B","Cat","DE",8640,2,23.1481481481481
2023-12-01,"SYN_B","Cat","DE",7782,2,25.7003341043434
2024-01-01,"SYN_B","Cat","DE",7800,1,12.8205128205128
2024-02-01,"SYN_B","Cat","DE",9056,2,22.0848056537102
2024-03-01,"SYN_B","Cat","DE",9815,0,0
2024-04-01,"SYN_B","Cat","DE",10655,5,46.9263256687001
2024-05-01,"SYN_B","Cat","DE",12839,2,15.57753719137
2024-06-01,"SYN_B","Cat","DE",13069,3,22.9550845512281
2024-07-01,"SYN_B","Cat","DE",13327,3,22.510692578975
2024-08-01,"SYN_B","Cat","DE",11520,1,8.68055555555556
2024-09-01,"SYN_B","Cat","DE",10316,2,19.387359441644
2024-10-01,"SYN_B","Cat","DE",9199,1,10.8707468203066
2024-11-01,"SYN_B","Cat","DE",9365,1,10.6780565936999
2024-12-01,"SYN_B","Cat","DE",9427,2,21.2156571549804
2025-01-01,"SYN_B","Cat","DE",11080,1,9.02527075812274
2025-02-01,"SYN_B","Cat","DE",13909,3,21.568768423323
2025-03-01,"SYN_B","Cat","DE",14515,2,13.7788494660696
2025-04-01,"SYN_B","Cat","DE",16167,7,43.2980763283231
2025-05-01,"SYN_B","Cat","DE",17800,5,28.0898876404494
2025-06-01,"SYN_B","Cat","DE",19047,6,31.501023783273
2025-07-01,"SYN_B","Cat","DE",19542,3,15.3515505066012
2025-08-01,"SYN_B","Cat","DE",16920,1,5.91016548463357
2025-09-01,"SYN_B","Cat","DE",16151,3,18.5747012568881
2025-10-01,"SYN_B","Cat","DE",13832,2,14.4592249855408
2025-11-01,"SYN_B","Cat","DE",13278,0,0
2025-12-01,"SYN_B","Cat","DE",12550,4,31.8725099601594
2023-01-01,"SYN_B","Cat","GB",6514,2,30.7031010132023
2023-02-01,"SYN_B","Cat","GB",7071,3,42.4268137462877
2023-03-01,"SYN_B","Cat","GB",8396,1,11.9104335397808
2023-04-01,"SYN_B","Cat","GB",9523,1,10.5008925758689
2023-05-01,"SYN_B","Cat","GB",9235,2,21.6567406605306
2023-06-01,"SYN_B","Cat","GB",9147,1,10.9325461900077
2023-07-01,"SYN_B","Cat","GB",8933,0,0
2023-08-01,"SYN_B","Cat","GB",9020,2,22.1729490022173
2023-09-01,"SYN_B","Cat","GB",9121,1,10.9637101195044
2023-10-01,"SYN_B","Cat","GB",7447,3,40.2846783939842
2023-11-01,"SYN_B","Cat","GB",6955,0,0
2023-12-01,"SYN_B","Cat","GB",6918,4,57.8201792425557
2024-01-01,"SYN_B","Cat","GB",7284,6,82.3723228995058
2024-02-01,"SYN_B","Cat","GB",7878,1,12.6935770500127
2024-03-01,"SYN_B","Cat","GB",8019,1,12.4703828407532
2024-04-01,"SYN_B","Cat","GB",9596,3,31.2630262609421
2024-05-01,"SYN_B","Cat","GB",10576,5,47.2768532526475
2024-06-01,"SYN_B","Cat","GB",9812,4,40.766408479413
2024-07-01,"SYN_B","Cat","GB",11328,2,17.6553672316384
2024-08-01,"SYN_B","Cat","GB",9978,2,20.0440970134295
2024-09-01,"SYN_B","Cat","GB",9709,1,10.2997219075085
2024-10-01,"SYN_B","Cat","GB",8625,5,57.9710144927536
2024-11-01,"SYN_B","Cat","GB",7279,3,41.2144525346888
2024-12-01,"SYN_B","Cat","GB",7795,3,38.4862091084028
2025-01-01,"SYN_B","Cat","GB",11150,2,17.9372197309417
2025-02-01,"SYN_B","Cat","GB",11174,3,26.8480400930732
2025-03-01,"SYN_B","Cat","GB",13492,2,14.8235991698784
2025-04-01,"SYN_B","Cat","GB",15955,4,25.0705108116578
2025-05-01,"SYN_B","Cat","GB",16070,1,6.22277535780958
2025-06-01,"SYN_B","Cat","GB",15112,6,39.7035468501853
2025-07-01,"SYN_B","Cat","GB",17267,3,17.3741819655991
2025-08-01,"SYN_B","Cat","GB",15428,3,19.4451646357272
2025-09-01,"SYN_B","Cat","GB",15054,9,59.7847748106815
2025-10-01,"SYN_B","Cat","GB",11214,7,62.4219725343321
2025-11-01,"SYN_B","Cat","GB",11610,3,25.8397932816537
2025-12-01,"SYN_B","Cat","GB",11088,3,27.0562770562771
2023-01-01,"SYN_B","Cat","US",13463,2,14.8555299710317
2023-02-01,"SYN_B","Cat","US",14480,1,6.9060773480663
2023-03-01,"SYN_B","Cat","US",15526,6,38.6448537936365
2023-04-01,"SYN_B","Cat","US",19798,6,30.3060915243964
2023-05-01,"SYN_B","Cat","US",22481,4,17.7928028112628
2023-06-01,"SYN_B","Cat","US",21078,4,18.9771325552709
2023-07-01,"SYN_B","Cat","US",22710,5,22.0167327168648
2023-08-01,"SYN_B","Cat","US",19913,8,40.1747602069
2023-09-01,"SYN_B","Cat","US",19749,3,15.1906425641805
2023-10-01,"SYN_B","Cat","US",16591,7,42.1915496353445
2023-11-01,"SYN_B","Cat","US",16430,5,30.4321363359708
2023-12-01,"SYN_B","Cat","US",15362,2,13.0191381330556
2024-01-01,"SYN_B","Cat","US",16788,5,29.7831784608053
2024-02-01,"SYN_B","Cat","US",18262,4,21.9034059796298
2024-03-01,"SYN_B","Cat","US",17161,5,29.1358312452654
2024-04-01,"SYN_B","Cat","US",20808,4,19.2233756247597
2024-05-01,"SYN_B","Cat","US",22919,4,17.4527684453946
2024-06-01,"SYN_B","Cat","US",21925,4,18.2440136830103
2024-07-01,"SYN_B","Cat","US",23363,4,17.1210889012541
2024-08-01,"SYN_B","Cat","US",21013,2,9.51791747965545
2024-09-01,"SYN_B","Cat","US",20579,4,19.4372904417124
2024-10-01,"SYN_B","Cat","US",17660,8,45.3001132502831
2024-11-01,"SYN_B","Cat","US",16226,4,24.6517934179712
2024-12-01,"SYN_B","Cat","US",14684,4,27.2405339144647
2025-01-01,"SYN_B","Cat","US",22695,11,48.4688257325402
2025-02-01,"SYN_B","Cat","US",25024,3,11.9884910485933
2025-03-01,"SYN_B","Cat","US",27813,9,32.3589688275267
2025-04-01,"SYN_B","Cat","US",28159,8,28.4100997904755
2025-05-01,"SYN_B","Cat","US",32448,9,27.7366863905325
2025-06-01,"SYN_B","Cat","US",33046,8,24.2086788113539
2025-07-01,"SYN_B","Cat","US",30636,11,35.9054706880794
2025-08-01,"SYN_B","Cat","US",33557,7,20.8600292040409
2025-09-01,"SYN_B","Cat","US",26472,12,45.3309156844968
2025-10-01,"SYN_B","Cat","US",25446,6,23.5793444942231
2025-11-01,"SYN_B","Cat","US",26426,8,30.2732157723454
2025-12-01,"SYN_B","Cat","US",22565,3,13.2949257699978
2023-01-01,"SYN_B","Dog","DE",13416,4,29.8151460942159
2023-02-01,"SYN_B","Dog","DE",12604,2,15.8679784195493
2023-03-01,"SYN_B","Dog","DE",13903,4,28.7707688987988
2023-04-01,"SYN_B","Dog","DE",16036,4,24.9438762783737
2023-05-01,"SYN_B","Dog","DE",17331,3,17.3100225030293
2023-06-01,"SYN_B","Dog","DE",19211,4,20.821404403727
2023-07-01,"SYN_B","Dog","DE",17608,3,17.0377101317583
2023-08-01,"SYN_B","Dog","DE",18226,1,5.48666739822232
2023-09-01,"SYN_B","Dog","DE",17383,0,0
2023-10-01,"SYN_B","Dog","DE",13903,2,14.3853844493994
2023-11-01,"SYN_B","Dog","DE",12290,3,24.4100895036615
2023-12-01,"SYN_B","Dog","DE",14241,1,7.02197879362404
2024-01-01,"SYN_B","Dog","DE",12621,2,15.8466048649077
2024-02-01,"SYN_B","Dog","DE",16053,4,24.9174609107332
2024-03-01,"SYN_B","Dog","DE",17843,4,22.4177548618506
2024-04-01,"SYN_B","Dog","DE",17777,4,22.5009844180683
2024-05-01,"SYN_B","Dog","DE",20472,13,63.5013677217663
2024-06-01,"SYN_B","Dog","DE",18898,3,15.8746957349984
2024-07-01,"SYN_B","Dog","DE",21639,5,23.1064282083276
2024-08-01,"SYN_B","Dog","DE",18583,4,21.5250497766776
2024-09-01,"SYN_B","Dog","DE",16503,6,36.3570259952736
2024-10-01,"SYN_B","Dog","DE",16892,8,47.3596968979399
2024-11-01,"SYN_B","Dog","DE",15404,2,12.9836406128278
2024-12-01,"SYN_B","Dog","DE",15146,1,6.60240327479202
2025-01-01,"SYN_B","Dog","DE",19663,5,25.4284697146926
2025-02-01,"SYN_B","Dog","DE",23454,2,8.5273300929479
2025-03-01,"SYN_B","Dog","DE",26678,4,14.993627708224
2025-04-01,"SYN_B","Dog","DE",26181,5,19.0978190290669
2025-05-01,"SYN_B","Dog","DE",28730,6,20.8840932822833
2025-06-01,"SYN_B","Dog","DE",28822,7,24.2870029838318
2025-07-01,"SYN_B","Dog","DE",28514,5,17.5352458441467
2025-08-01,"SYN_B","Dog","DE",27195,6,22.0628792057363
2025-09-01,"SYN_B","Dog","DE",24253,6,24.7392075207191
2025-10-01,"SYN_B","Dog","DE",21935,1,4.55892409391384
2025-11-01,"SYN_B","Dog","DE",23561,5,21.2215101226603
2025-12-01,"SYN_B","Dog","DE",19679,5,25.4077951115402
2023-01-01,"SYN_B","Dog","GB",10437,3,28.7438919229664
2023-02-01,"SYN_B","Dog","GB",13036,2,15.3421294875729
2023-03-01,"SYN_B","Dog","GB",12153,2,16.4568419320332
2023-04-01,"SYN_B","Dog","GB",15282,6,39.2618767177071
2023-05-01,"SYN_B","Dog","GB",14835,5,33.7040781934614
2023-06-01,"SYN_B","Dog","GB",14958,3,20.0561572402728
2023-07-01,"SYN_B","Dog","GB",17392,8,45.9981600735971
2023-08-01,"SYN_B","Dog","GB",14723,1,6.792094002581
2023-09-01,"SYN_B","Dog","GB",12998,1,7.69349130635482
2023-10-01,"SYN_B","Dog","GB",12113,4,33.0223726574754
2023-11-01,"SYN_B","Dog","GB",11268,1,8.87468938587149
2023-12-01,"SYN_B","Dog","GB",12550,4,31.8725099601594
2024-01-01,"SYN_B","Dog","GB",12613,1,7.92832791564259
2024-02-01,"SYN_B","Dog","GB",12922,1,7.73874013310633
2024-03-01,"SYN_B","Dog","GB",14088,1,7.09823963657013
2024-04-01,"SYN_B","Dog","GB",16588,2,12.0569086086327
2024-05-01,"SYN_B","Dog","GB",18019,6,33.2981852489039
2024-06-01,"SYN_B","Dog","GB",18655,5,26.8024658268561
2024-07-01,"SYN_B","Dog","GB",19617,5,25.4880970586736
2024-08-01,"SYN_B","Dog","GB",18272,7,38.3099824868652
2024-09-01,"SYN_B","Dog","GB",15962,5,31.324395439168
2024-10-01,"SYN_B","Dog","GB",14299,3,20.9804881460242
2024-11-01,"SYN_B","Dog","GB",14196,3,21.1327134404057
2024-12-01,"SYN_B","Dog","GB",12808,8,62.4609618988132
2025-01-01,"SYN_B","Dog","GB",17517,4,22.8349603242564
2025-02-01,"SYN_B","Dog","GB",20998,4,19.0494332793599
2025-03-01,"SYN_B","Dog","GB",23757,8,33.6742854737551
2025-04-01,"SYN_B","Dog","GB",23245,6,25.8120025812003
2025-05-01,"SYN_B","Dog","GB",24689,4,16.2015472477622
2025-06-01,"SYN_B","Dog","GB",26765,6,22.41733607323
2025-07-01,"SYN_B","Dog","GB",27949,4,14.3117821746753
2025-08-01,"SYN_B","Dog","GB",25562,6,23.472341757296
2025-09-01,"SYN_B","Dog","GB",24598,2,8.13074233677535
2025-10-01,"SYN_B","Dog","GB",22201,4,18.0172064321427
2025-11-01,"SYN_B","Dog","GB",19957,2,10.0215463245979
2025-12-01,"SYN_B","Dog","GB",17267,3,17.3741819655991
2023-01-01,"SYN_B","Dog","US",23259,11,47.2935207876521
2023-02-01,"SYN_B","Dog","US",23958,4,16.6958844644795
2023-03-01,"SYN_B","Dog","US",28848,10,34.6644481419856
2023-04-01,"SYN_B","Dog","US",34573,12,34.7091661122842
2023-05-01,"SYN_B","Dog","US",32456,6,18.4865664283954
2023-06-01,"SYN_B","Dog","US",32896,7,21.2791828793774
2023-07-01,"SYN_B","Dog","US",37472,8,21.3492741246798
2023-08-01,"SYN_B","Dog","US",32502,12,36.9208048735462
2023-09-01,"SYN_B","Dog","US",28143,6,21.3196887325445
2023-10-01,"SYN_B","Dog","US",30081,15,49.8653635185
2023-11-01,"SYN_B","Dog","US",27456,8,29.1375291375291
2023-12-01,"SYN_B","Dog","US",24756,9,36.3548230731944
2024-01-01,"SYN_B","Dog","US",28113,7,24.8995126809661
2024-02-01,"SYN_B","Dog","US",29919,7,23.3965038938467
2024-03-01,"SYN_B","Dog","US",33942,7,20.6234164162395
2024-04-01,"SYN_B","Dog","US",31762,10,31.4841634657767
2024-05-01,"SYN_B","Dog","US",35985,11,30.5682923440322
2024-06-01,"SYN_B","Dog","US",37407,13,34.7528537439517
2024-07-01,"SYN_B","Dog","US",40274,16,39.7278641307047
2024-08-01,"SYN_B","Dog","US",36076,9,24.9473334072514
2024-09-01,"SYN_B","Dog","US",36468,14,38.3898212131184
2024-10-01,"SYN_B","Dog","US",29648,5,16.8645439827307
2024-11-01,"SYN_B","Dog","US",30400,2,6.57894736842105
2024-12-01,"SYN_B","Dog","US",27072,3,11.0815602836879
2025-01-01,"SYN_B","Dog","US",37496,12,32.0034136974611
2025-02-01,"SYN_B","Dog","US",40461,9,22.2436420256543
2025-03-01,"SYN_B","Dog","US",47166,11,23.3218844082602
2025-04-01,"SYN_B","Dog","US",51240,14,27.3224043715847
2025-05-01,"SYN_B","Dog","US",51534,15,29.1069973221562
2025-06-01,"SYN_B","Dog","US",56263,26,46.2115422213533
2025-07-01,"SYN_B","Dog","US",60193,18,29.9038094130547
2025-08-01,"SYN_B","Dog","US",58075,14,24.1067585019372
2025-09-01,"SYN_B","Dog","US",53406,18,33.7040781934614
2025-10-01,"SYN_B","Dog","US",47863,13,27.1608549401417
2025-11-01,"SYN_B","Dog","US",38329,17,44.352839886248
2025-12-01,"SYN_B","Dog","US",42578,14,32.8808304758326
2023-01-01,"SYN_C","Cat","DE",5587,2,35.7973867907643
2023-02-01,"SYN_C","Cat","DE",6346,3,47.2738733060195
2023-03-01,"SYN_C","Cat","DE",7403,2,27.0160745643658
2023-04-01,"SYN_C","Cat","DE",8247,1,12.1256214380987
2023-05-01,"SYN_C","Cat","DE",8243,4,48.52602207934
2023-06-01,"SYN_C","Cat","DE",8920,1,11.2107623318386
2023-07-01,"SYN_C","Cat","DE",9152,2,21.8531468531469
2023-08-01,"SYN_C","Cat","DE",9116,0,0
2023-09-01,"SYN_C","Cat","DE",8246,0,0
2023-10-01,"SYN_C","Cat","DE",7672,0,0
2023-11-01,"SYN_C","Cat","DE",6448,2,31.0173697270471
2023-12-01,"SYN_C","Cat","DE",5719,0,0
2024-01-01,"SYN_C","Cat","DE",6384,2,31.328320802005
2024-02-01,"SYN_C","Cat","DE",7950,1,12.5786163522013
2024-03-01,"SYN_C","Cat","DE",7689,2,26.0111848094681
2024-04-01,"SYN_C","Cat","DE",8763,1,11.4116170261326
2024-05-01,"SYN_C","Cat","DE",10276,6,58.3884780070066
2024-06-01,"SYN_C","Cat","DE",10513,1,9.51203272139256
2024-07-01,"SYN_C","Cat","DE",8973,1,11.1445447453472
2024-08-01,"SYN_C","Cat","DE",10195,0,0
2024-09-01,"SYN_C","Cat","DE",9173,1,10.901558922926
2024-10-01,"SYN_C","Cat","DE",7244,1,13.8045278851463
2024-11-01,"SYN_C","Cat","DE",7600,0,0
2024-12-01,"SYN_C","Cat","DE",6355,1,15.73564122738
2025-01-01,"SYN_C","Cat","DE",7739,4,51.6862643752423
2025-02-01,"SYN_C","Cat","DE",8391,2,23.835061375283
2025-03-01,"SYN_C","Cat","DE",9685,3,30.9757356737223
2025-04-01,"SYN_C","Cat","DE",9800,3,30.6122448979592
2025-05-01,"SYN_C","Cat","DE",11165,5,44.7828034034931
2025-06-01,"SYN_C","Cat","DE",11334,5,44.1150520557614
2025-07-01,"SYN_C","Cat","DE",10894,2,18.3587295759133
2025-08-01,"SYN_C","Cat","DE",9147,3,32.797638570023
2025-09-01,"SYN_C","Cat","DE",9889,1,10.112245929821
2025-10-01,"SYN_C","Cat","DE",8356,0,0
2025-11-01,"SYN_C","Cat","DE",8254,3,36.3460140537921
2025-12-01,"SYN_C","Cat","DE",7670,5,65.1890482398957
2023-01-01,"SYN_C","Cat","GB",4716,2,42.4088210347752
2023-02-01,"SYN_C","Cat","GB",5483,0,0
2023-03-01,"SYN_C","Cat","GB",5898,0,0
2023-04-01,"SYN_C","Cat","GB",7137,1,14.0114894213255
2023-05-01,"SYN_C","Cat","GB",7189,1,13.910140492419
2023-06-01,"SYN_C","Cat","GB",8078,0,0
2023-07-01,"SYN_C","Cat","GB",7293,1,13.7117784176608
2023-08-01,"SYN_C","Cat","GB",7020,0,0
2023-09-01,"SYN_C","Cat","GB",6082,3,49.3258796448537
2023-10-01,"SYN_C","Cat","GB",5601,0,0
2023-11-01,"SYN_C","Cat","GB",6159,0,0
2023-12-01,"SYN_C","Cat","GB",5610,1,17.825311942959
2024-01-01,"SYN_C","Cat","GB",6222,1,16.0720025715204
2024-02-01,"SYN_C","Cat","GB",6069,2,32.9543582138738
2024-03-01,"SYN_C","Cat","GB",6796,2,29.4290759270159
2024-04-01,"SYN_C","Cat","GB",7737,1,12.9249062944294
2024-05-01,"SYN_C","Cat","GB",7984,5,62.625250501002
2024-06-01,"SYN_C","Cat","GB",7854,2,25.4647313470843
2024-07-01,"SYN_C","Cat","GB",8973,2,22.2890894906943
2024-08-01,"SYN_C","Cat","GB",8123,1,12.3107226394189
2024-09-01,"SYN_C","Cat","GB",7586,0,0
2024-10-01,"SYN_C","Cat","GB",6683,1,14.9633398174473
2024-11-01,"SYN_C","Cat","GB",5759,4,69.4565028650807
2024-12-01,"SYN_C","Cat","GB",5894,2,33.9328130302002
2025-01-01,"SYN_C","Cat","GB",5841,3,51.3610683102209
2025-02-01,"SYN_C","Cat","GB",6282,0,0
2025-03-01,"SYN_C","Cat","GB",7617,0,0
2025-04-01,"SYN_C","Cat","GB",9082,0,0
2025-05-01,"SYN_C","Cat","GB",9473,0,0
2025-06-01,"SYN_C","Cat","GB",9980,2,20.0400801603206
2025-07-01,"SYN_C","Cat","GB",8869,4,45.1009132934942
2025-08-01,"SYN_C","Cat","GB",8500,1,11.7647058823529
2025-09-01,"SYN_C","Cat","GB",8345,4,47.9328939484721
2025-10-01,"SYN_C","Cat","GB",6724,1,14.8720999405116
2025-11-01,"SYN_C","Cat","GB",7368,2,27.1444082519001
2025-12-01,"SYN_C","Cat","GB",6735,0,0
2023-01-01,"SYN_C","Cat","US",10665,2,18.7529301453352
2023-02-01,"SYN_C","Cat","US",12098,2,16.53165812531
2023-03-01,"SYN_C","Cat","US",14304,3,20.9731543624161
2023-04-01,"SYN_C","Cat","US",14136,4,28.2965478211658
2023-05-01,"SYN_C","Cat","US",16088,4,24.8632521133764
2023-06-01,"SYN_C","Cat","US",17291,10,57.8335550286276
2023-07-01,"SYN_C","Cat","US",15822,4,25.2812539501959
2023-08-01,"SYN_C","Cat","US",15753,9,57.1319748619311
2023-09-01,"SYN_C","Cat","US",13112,1,7.62660158633313
2023-10-01,"SYN_C","Cat","US",12769,1,7.83146683373796
2023-11-01,"SYN_C","Cat","US",12154,2,16.4554879052164
2023-12-01,"SYN_C","Cat","US",11845,7,59.0966652596032
2024-01-01,"SYN_C","Cat","US",12522,3,23.9578342117873
2024-02-01,"SYN_C","Cat","US",14745,4,27.1278399457443
2024-03-01,"SYN_C","Cat","US",14860,0,0
2024-04-01,"SYN_C","Cat","US",16165,3,18.558614290133
2024-05-01,"SYN_C","Cat","US",18027,6,33.2834082210018
2024-06-01,"SYN_C","Cat","US",18800,9,47.8723404255319
2024-07-01,"SYN_C","Cat","US",18193,2,10.9932391579179
2024-08-01,"SYN_C","Cat","US",18813,1,5.31547334290119
2024-09-01,"SYN_C","Cat","US",15199,5,32.8969011119153
2024-10-01,"SYN_C","Cat","US",13666,4,29.2697204741695
2024-11-01,"SYN_C","Cat","US",13019,4,30.7243259850987
2024-12-01,"SYN_C","Cat","US",12896,0,0
2025-01-01,"SYN_C","Cat","US",12355,4,32.3755564548766
2025-02-01,"SYN_C","Cat","US",14791,4,27.0434723818538
2025-03-01,"SYN_C","Cat","US",16517,3,18.1631046800266
2025-04-01,"SYN_C","Cat","US",20000,3,15
2025-05-01,"SYN_C","Cat","US",19923,5,25.0966219946795
2025-06-01,"SYN_C","Cat","US",20778,7,33.6894792569063
2025-07-01,"SYN_C","Cat","US",18382,6,32.6406267000326
2025-08-01,"SYN_C","Cat","US",20067,4,19.933223700603
2025-09-01,"SYN_C","Cat","US",16234,2,12.3198225945546
2025-10-01,"SYN_C","Cat","US",14245,5,35.1000351000351
2025-11-01,"SYN_C","Cat","US",13257,3,22.6295541977823
2025-12-01,"SYN_C","Cat","US",15361,6,39.0599570340473
2023-01-01,"SYN_C","Dog","DE",10645,3,28.1822451855331
2023-02-01,"SYN_C","Dog","DE",11631,1,8.59771300833978
2023-03-01,"SYN_C","Dog","DE",12005,0,0
2023-04-01,"SYN_C","Dog","DE",13677,3,21.9346347883308
2023-05-01,"SYN_C","Dog","DE",14348,4,27.8784499581823
2023-06-01,"SYN_C","Dog","DE",13894,2,14.3947027493882
2023-07-01,"SYN_C","Dog","DE",13718,3,21.8690771249453
2023-08-01,"SYN_C","Dog","DE",13668,4,29.2654375182909
2023-09-01,"SYN_C","Dog","DE",14128,2,14.1562853907135
2023-10-01,"SYN_C","Dog","DE",11903,3,25.2037301520625
2023-11-01,"SYN_C","Dog","DE",11876,7,58.9424048501179
2023-12-01,"SYN_C","Dog","DE",11541,0,0
2024-01-01,"SYN_C","Dog","DE",11782,2,16.9750466813784
2024-02-01,"SYN_C","Dog","DE",12607,2,15.864202427223
2024-03-01,"SYN_C","Dog","DE",14192,3,21.1386696730552
2024-04-01,"SYN_C","Dog","DE",13704,4,29.1885580852306
2024-05-01,"SYN_C","Dog","DE",15399,4,25.9757127086174
2024-06-01,"SYN_C","Dog","DE",17032,1,5.8713010803194
2024-07-01,"SYN_C","Dog","DE",15937,4,25.0988266298551
2024-08-01,"SYN_C","Dog","DE",14556,2,13.7400384721077
2024-09-01,"SYN_C","Dog","DE",15310,3,19.5950359242325
2024-10-01,"SYN_C","Dog","DE",12024,4,33.2667997338656
2024-11-01,"SYN_C","Dog","DE",11259,0,0
2024-12-01,"SYN_C","Dog","DE",11210,1,8.92060660124888
2025-01-01,"SYN_C","Dog","DE",11426,3,26.2559075792053
2025-02-01,"SYN_C","Dog","DE",12672,1,7.89141414141414
2025-03-01,"SYN_C","Dog","DE",15418,0,0
2025-04-01,"SYN_C","Dog","DE",17659,3,16.9885044453253
2025-05-01,"SYN_C","Dog","DE",17262,4,23.1722859460086
2025-06-01,"SYN_C","Dog","DE",17267,3,17.3741819655991
2025-07-01,"SYN_C","Dog","DE",16276,4,24.5760629147211
2025-08-01,"SYN_C","Dog","DE",18291,4,21.8686785850965
2025-09-01,"SYN_C","Dog","DE",15658,6,38.3190701238983
2025-10-01,"SYN_C","Dog","DE",13987,2,14.2989919210696
2025-11-01,"SYN_C","Dog","DE",12411,3,24.1721053903795
2025-12-01,"SYN_C","Dog","DE",12188,3,24.6143747948802
2023-01-01,"SYN_C","Dog","GB",7832,3,38.3043922369765
2023-02-01,"SYN_C","Dog","GB",10220,1,9.78473581213307
2023-03-01,"SYN_C","Dog","GB",10650,3,28.169014084507
2023-04-01,"SYN_C","Dog","GB",10856,2,18.4229918938836
2023-05-01,"SYN_C","Dog","GB",13472,4,29.6912114014252
2023-06-01,"SYN_C","Dog","GB",13087,6,45.8470237640406
2023-07-01,"SYN_C","Dog","GB",12059,0,0
2023-08-01,"SYN_C","Dog","GB",11209,1,8.92140244446427
2023-09-01,"SYN_C","Dog","GB",11877,2,16.8392691757178
2023-10-01,"SYN_C","Dog","GB",9431,4,42.4133177817835
2023-11-01,"SYN_C","Dog","GB",9178,2,21.7912399215515
2023-12-01,"SYN_C","Dog","GB",9854,4,40.5926527298559
2024-01-01,"SYN_C","Dog","GB",9321,4,42.9138504452312
2024-02-01,"SYN_C","Dog","GB",9888,2,20.2265372168285
2024-03-01,"SYN_C","Dog","GB",11394,3,26.3296471827278
2024-04-01,"SYN_C","Dog","GB",12252,2,16.3238654913484
2024-05-01,"SYN_C","Dog","GB",14935,4,26.7827251422832
2024-06-01,"SYN_C","Dog","GB",14347,5,34.8504913919286
2024-07-01,"SYN_C","Dog","GB",14977,5,33.3845229351673
2024-08-01,"SYN_C","Dog","GB",14630,5,34.1763499658236
2024-09-01,"SYN_C","Dog","GB",12135,2,16.4812525751957
2024-10-01,"SYN_C","Dog","GB",11587,0,0
2024-11-01,"SYN_C","Dog","GB",9834,2,20.3376042302217
2024-12-01,"SYN_C","Dog","GB",9898,1,10.1030511214387
2025-01-01,"SYN_C","Dog","GB",9863,4,40.5556118827943
2025-02-01,"SYN_C","Dog","GB",10446,2,19.146084625694
2025-03-01,"SYN_C","Dog","GB",13939,2,14.3482315804577
2025-04-01,"SYN_C","Dog","GB",14047,3,21.356873353741
2025-05-01,"SYN_C","Dog","GB",15460,2,12.9366106080207
2025-06-01,"SYN_C","Dog","GB",15298,3,19.6104065890966
2025-07-01,"SYN_C","Dog","GB",15159,3,19.790223629527
2025-08-01,"SYN_C","Dog","GB",14653,2,13.6490820992288
2025-09-01,"SYN_C","Dog","GB",12485,4,32.0384461353624
2025-10-01,"SYN_C","Dog","GB",12522,5,39.9297236863121
2025-11-01,"SYN_C","Dog","GB",10771,5,46.4209451304429
2025-12-01,"SYN_C","Dog","GB",10520,6,57.0342205323194
2023-01-01,"SYN_C","Dog","US",18755,10,53.3191149026926
2023-02-01,"SYN_C","Dog","US",22284,6,26.9251480883145
2023-03-01,"SYN_C","Dog","US",20806,6,28.8378352398347
2023-04-01,"SYN_C","Dog","US",27233,5,18.3600778467301
2023-05-01,"SYN_C","Dog","US",27507,7,25.448067764569
2023-06-01,"SYN_C","Dog","US",29359,9,30.6549950611397
2023-07-01,"SYN_C","Dog","US",26808,6,22.3813786929275
2023-08-01,"SYN_C","Dog","US",27063,5,18.4754092303145
2023-09-01,"SYN_C","Dog","US",25872,13,50.2473716759431
2023-10-01,"SYN_C","Dog","US",22246,7,31.4663310258024
2023-11-01,"SYN_C","Dog","US",18968,8,42.1762969211303
2023-12-01,"SYN_C","Dog","US",19179,7,36.4982532978779
2024-01-01,"SYN_C","Dog","US",22638,12,53.0082162735224
2024-02-01,"SYN_C","Dog","US",21180,6,28.328611898017
2024-03-01,"SYN_C","Dog","US",23842,7,29.3599530240752
2024-04-01,"SYN_C","Dog","US",28779,4,13.8990235935926
2024-05-01,"SYN_C","Dog","US",29210,5,17.1174255391989
2024-06-01,"SYN_C","Dog","US",30433,9,29.5731607136989
2024-07-01,"SYN_C","Dog","US",30149,15,49.7528939599987
2024-08-01,"SYN_C","Dog","US",29920,5,16.7112299465241
2024-09-01,"SYN_C","Dog","US",27955,8,28.6174208549454
2024-10-01,"SYN_C","Dog","US",24573,2,8.13901436536035
2024-11-01,"SYN_C","Dog","US",24346,6,24.6447054957693
2024-12-01,"SYN_C","Dog","US",23059,8,34.6936120386834
2025-01-01,"SYN_C","Dog","US",23546,6,25.4820351652085
2025-02-01,"SYN_C","Dog","US",22827,9,39.4269943487975
2025-03-01,"SYN_C","Dog","US",29798,9,30.2033693536479
2025-04-01,"SYN_C","Dog","US",30170,12,39.7746105402718
2025-05-01,"SYN_C","Dog","US",29927,11,36.7561065258796
2025-06-01,"SYN_C","Dog","US",35160,13,36.9738339021615
2025-07-01,"SYN_C","Dog","US",30284,10,33.0207370228503
2025-08-01,"SYN_C","Dog","US",33532,5,14.9111296671836
2025-09-01,"SYN_C","Dog","US",28566,7,24.5046558846181
2025-10-01,"SYN_C","Dog","US",24294,5,20.5812134683461
2025-11-01,"SYN_C","Dog","US",22964,7,30.4824943389653
2025-12-01,"SYN_C","Dog","US",21473,11,51.2271224328226
