"product_id","primary_event","current_n","current_doses","reference_n","reference_doses","ratio","ratio_lower","ratio_upper","interval_status","current_period","reference_period","comparison","current_per_100k","reference_per_100k","plot_eligible"
"SYN_A","Vomiting",82,790312,35,811064,2.40437584867025,1.60013669368296,3.68123406696346,"Finite estimate","2025 H2","2025 H1","2025 H2 vs 2025 H1",10.375649110731,4.31531913634436,TRUE
"SYN_A","Diarrhea",25,790312,31,811064,0.827627406603648,0.468516150015541,1.44834233058372,"Finite estimate","2025 H2","2025 H1","2025 H2 vs 2025 H1",3.16330765571066,3.82213980647643,TRUE
"SYN_A","Lethargy",33,790312,45,811064,0.752589188404917,0.465250300273962,1.20590988944967,"Finite estimate","2025 H2","2025 H1","2025 H2 vs 2025 H1",4.17556610553807,5.54826746101417,TRUE
"SYN_A","Pruritus",27,790312,35,811064,0.791684730659718,0.4608828975397,1.34618712053949,"Finite estimate","2025 H2","2025 H1","2025 H2 vs 2025 H1",3.41637226816751,4.31531913634436,TRUE
"SYN_A","Decreased appetite",24,790312,19,811064,1.29632587476445,0.68062697320126,2.50305567932612,"Finite estimate","2025 H2","2025 H1","2025 H2 vs 2025 H1",3.03677534948223,2.34260181687265,TRUE
"SYN_A","Ataxia",5,790312,12,811064,0.427607493411885,0.118015203826049,1.30393664688019,"Finite estimate","2025 H2","2025 H1","2025 H2 vs 2025 H1",0.632661531142131,1.47953798960378,TRUE
"SYN_A","Tremor",11,790312,13,811064,0.868372140467212,0.352250569064138,2.10059373027586,"Finite estimate","2025 H2","2025 H1","2025 H2 vs 2025 H1",1.39185536851269,1.60283282207076,TRUE
"SYN_A","Hypersensitivity",17,790312,29,811064,0.601599507972582,0.310129789234983,1.13208355294592,"Finite estimate","2025 H2","2025 H1","2025 H2 vs 2025 H1",2.15104920588325,3.57555014154247,TRUE
"SYN_B","Vomiting",44,922151,45,919315,0.974770702171095,0.628490196837542,1.51096008469961,"Finite estimate","2025 H2","2025 H1","2025 H2 vs 2025 H1",4.77145283147771,4.89494895656005,TRUE
"SYN_B","Diarrhea",28,922151,36,919315,0.775385785817917,0.455756559994857,1.30672435904802,"Finite estimate","2025 H2","2025 H1","2025 H2 vs 2025 H1",3.03637907457672,3.91595916524804,TRUE
"SYN_B","Lethargy",38,922151,37,919315,1.02386848938119,0.633739701457682,1.65554170039016,"Finite estimate","2025 H2","2025 H1","2025 H2 vs 2025 H1",4.12080017263984,4.02473580872715,TRUE
"SYN_B","Pruritus",40,922151,42,919315,0.949451982634184,0.600107585948097,1.50008185505084,"Finite estimate","2025 H2","2025 H1","2025 H2 vs 2025 H1",4.33768439225246,4.56861902612271,TRUE
"SYN_B","Decreased appetite",33,922151,30,919315,1.09661703994248,0.648392885989059,1.86142160237696,"Finite estimate","2025 H2","2025 H1","2025 H2 vs 2025 H1",3.57858962360828,3.26329930437337,TRUE
"SYN_B","Ataxia",18,922151,17,919315,1.05556720422271,0.513318740332947,2.1797293948293,"Finite estimate","2025 H2","2025 H1","2025 H2 vs 2025 H1",1.95195797651361,1.84920293914491,TRUE
"SYN_B","Tremor",6,922151,11,919315,0.543777044599578,0.165124208322894,1.60408526250863,"Finite estimate","2025 H2","2025 H1","2025 H2 vs 2025 H1",0.650652658837869,1.19654307827023,TRUE
"SYN_B","Hypersensitivity",24,922151,20,919315,1.19630949811907,0.633294772742173,2.28343490121303,"Finite estimate","2025 H2","2025 H1","2025 H2 vs 2025 H1",2.60261063535148,2.17553286958224,TRUE
"SYN_C","Vomiting",28,524331,24,552938,1.23031888889525,0.687644756070263,2.2173158758972,"Finite estimate","2025 H2","2025 H1","2025 H2 vs 2025 H1",5.34013819514772,4.34045046641757,TRUE
"SYN_C","Diarrhea",19,524331,27,552938,0.742097107587609,0.38999208110461,1.38501153142801,"Finite estimate","2025 H2","2025 H1","2025 H2 vs 2025 H1",3.62366520385024,4.88300677471977,TRUE
"SYN_C","Lethargy",24,524331,16,552938,1.58183857143674,0.806209858975543,3.1865795186644,"Finite estimate","2025 H2","2025 H1","2025 H2 vs 2025 H1",4.57726131012662,2.89363364427838,TRUE
"SYN_C","Pruritus",20,524331,25,552938,0.843647238099598,0.444339310867446,1.58201326805756,"Finite estimate","2025 H2","2025 H1","2025 H2 vs 2025 H1",3.81438442510552,4.52130256918497,TRUE
"SYN_C","Decreased appetite",20,524331,19,552938,1.11006215539421,0.562372292460788,2.19843776632412,"Finite estimate","2025 H2","2025 H1","2025 H2 vs 2025 H1",3.81438442510552,3.43618995258058,TRUE
"SYN_C","Ataxia",11,524331,6,552938,1.93335825397824,0.655398975398813,6.36681833740987,"Finite estimate","2025 H2","2025 H1","2025 H2 vs 2025 H1",2.09791143380803,1.08511261660439,TRUE
"SYN_C","Tremor",11,524331,12,552938,0.966679126989122,0.386481607948632,2.39308688468436,"Finite estimate","2025 H2","2025 H1","2025 H2 vs 2025 H1",2.09791143380803,2.17022523320879,TRUE
"SYN_C","Hypersensitivity",11,524331,14,552938,0.828582108847819,0.340403994214434,1.96466367981687,"Finite estimate","2025 H2","2025 H1","2025 H2 vs 2025 H1",2.09791143380803,2.53192943874358,TRUE
"SYN_A","Vomiting",82,790312,37,744249,2.08704499324659,1.39934462440453,3.16586302016155,"Finite estimate","2025 H2","2024 H2","2025 H2 vs 2024 H2",10.375649110731,4.97145444602546,TRUE
"SYN_A","Diarrhea",25,790312,35,744249,0.67265387413,0.385917109644121,1.15640427222924,"Finite estimate","2025 H2","2024 H2","2025 H2 vs 2024 H2",3.16330765571066,4.70272717867273,TRUE
"SYN_A","Lethargy",33,790312,31,744249,1.00247125757439,0.59517394552413,1.6924388814321,"Finite estimate","2025 H2","2024 H2","2025 H2 vs 2024 H2",4.17556610553807,4.16527264396727,TRUE
"SYN_A","Pruritus",27,790312,32,744249,0.794572388816063,0.457972211908308,1.36899305370148,"Finite estimate","2025 H2","2024 H2","2025 H2 vs 2024 H2",3.41637226816751,4.29963627764364,TRUE
"SYN_A","Decreased appetite",24,790312,28,744249,0.807184648956,0.447881391745777,1.44419703876193,"Finite estimate","2025 H2","2024 H2","2025 H2 vs 2024 H2",3.03677534948223,3.76218174293818,TRUE
"SYN_A","Ataxia",5,790312,8,744249,0.58857213986375,0.151496599445665,2.04049552180644,"Finite estimate","2025 H2","2024 H2","2025 H2 vs 2024 H2",0.632661531142131,1.07490906941091,TRUE
"SYN_A","Tremor",11,790312,9,744249,1.15098551795578,0.433610046636732,3.14243764097234,"Finite estimate","2025 H2","2024 H2","2025 H2 vs 2024 H2",1.39185536851269,1.20927270308727,TRUE
"SYN_A","Hypersensitivity",17,790312,12,744249,1.33409685035783,0.600469380082618,3.06149229640835,"Finite estimate","2025 H2","2024 H2","2025 H2 vs 2024 H2",2.15104920588325,1.61236360411636,TRUE
"SYN_B","Vomiting",44,922151,27,630652,1.11449121151003,0.674980034113695,1.87172514560168,"Finite estimate","2025 H2","2024 H2","2025 H2 vs 2024 H2",4.77145283147771,4.28128349707921,TRUE
"SYN_B","Diarrhea",28,922151,18,630652,1.06383252007776,0.568064721463484,2.04208796863572,"Finite estimate","2025 H2","2024 H2","2025 H2 vs 2024 H2",3.03637907457672,2.85418899805281,TRUE
"SYN_B","Lethargy",38,922151,30,630652,0.866263623491887,0.522645921163601,1.44780829676808,"Finite estimate","2025 H2","2024 H2","2025 H2 vs 2024 H2",4.12080017263984,4.75698166342135,TRUE
"SYN_B","Pruritus",40,922151,31,630652,0.882441721723484,0.538337547902614,1.45896356300569,"Finite estimate","2025 H2","2024 H2","2025 H2 vs 2024 H2",4.33768439225246,4.91554771886873,TRUE
"SYN_B","Decreased appetite",33,922151,21,630652,1.0746879539561,0.603525898275658,1.95459876532996,"Finite estimate","2025 H2","2024 H2","2025 H2 vs 2024 H2",3.57858962360828,3.32988716439494,TRUE
"SYN_B","Ataxia",18,922151,7,630652,1.7585802882918,0.700850387208714,4.98137518426974,"Finite estimate","2025 H2","2024 H2","2025 H2 vs 2024 H2",1.95195797651361,1.10996238813165,TRUE
"SYN_B","Tremor",6,922151,6,630652,0.6838923343357,0.182830544030728,2.55815420471825,"Finite estimate","2025 H2","2024 H2","2025 H2 vs 2024 H2",0.650652658837869,0.95139633268427,TRUE
"SYN_B","Hypersensitivity",24,922151,18,630652,0.911856445780933,0.474484003944657,1.78319167341015,"Finite estimate","2025 H2","2024 H2","2025 H2 vs 2024 H2",2.60261063535148,2.85418899805281,TRUE
"SYN_C","Vomiting",28,524331,13,497703,2.04446369241508,1.02475359986334,4.29943525989142,"Finite estimate","2025 H2","2024 H2","2025 H2 vs 2024 H2",5.34013819514772,2.61199952582162,TRUE
"SYN_C","Diarrhea",19,524331,18,497703,1.0019494683066,0.497752211394405,2.02438539945193,"Finite estimate","2025 H2","2024 H2","2025 H2 vs 2024 H2",3.62366520385024,3.61661472806071,TRUE
"SYN_C","Lethargy",24,524331,21,497703,1.08481746944474,0.578622903688578,2.04893006577801,"Finite estimate","2025 H2","2024 H2","2025 H2 vs 2024 H2",4.57726131012662,4.21938384940416,TRUE
"SYN_C","Pruritus",20,524331,21,497703,0.904014557870614,0.464946869994579,1.75246632871654,"Finite estimate","2025 H2","2024 H2","2025 H2 vs 2024 H2",3.81438442510552,4.21938384940416,TRUE
"SYN_C","Decreased appetite",20,524331,8,497703,2.37303821441036,1.00122047434593,6.22894804679953,"Finite estimate","2025 H2","2024 H2","2025 H2 vs 2024 H2",3.81438442510552,1.60738432358254,TRUE
"SYN_C","Ataxia",11,524331,6,497703,1.74022802390093,0.589928773665249,5.73081355772963,"Finite estimate","2025 H2","2024 H2","2025 H2 vs 2024 H2",2.09791143380803,1.2055382426869,TRUE
"SYN_C","Tremor",11,524331,6,497703,1.74022802390093,0.589928773665249,5.73081355772963,"Finite estimate","2025 H2","2024 H2","2025 H2 vs 2024 H2",2.09791143380803,1.2055382426869,TRUE
"SYN_C","Hypersensitivity",11,524331,10,497703,1.04413681434056,0.402571285497657,2.7423530778732,"Finite estimate","2025 H2","2024 H2","2025 H2 vs 2024 H2",2.09791143380803,2.00923040447817,TRUE
