"product_id","period","n_months","n_reports","doses_distributed","reports_per_100k_doses","reporting_ratio_lower","reporting_ratio_upper"
"SYN_A","2024 H2",6,192,744249,25.7978176658618,22.2776432723507,29.7162809896917
"SYN_A","2025 H1",6,219,811064,27.001568310269,23.5435961504251,30.8244754638159
"SYN_A","2025 H2",6,224,790312,28.3432365951675,24.7527904102924,32.3081081474495
"SYN_B","2024 H2",6,158,630652,25.0534367606858,21.2992298200287,29.2787954241439
"SYN_B","2025 H1",6,238,919315,25.8888411480287,22.7039863305005,29.3953717188064
"SYN_B","2025 H2",6,231,922151,25.050127365258,21.9236641892111,28.4973785067492
"SYN_C","2024 H2",6,103,497703,20.6950731661252,16.8919894685823,25.0987949534222
"SYN_C","2025 H1",6,143,552938,25.861850695738,21.7968877382554,30.4648869313624
"SYN_C","2025 H2",6,144,524331,27.4635678607597,23.1612132789908,32.3332995660262
